acao,valor_atual,preco_gordon,preco_fluxo,diferenca_gordon,diferenca_fluxo,margem_ebit,variacao_receita,wacc,quantidade_acoes,divida_total,caixa,outros_ativos,passivos_menos_divida,percentual_imposto
COGN3,2.09,90.33,8.44,42.22,3.04,0.1445,"{'mean_deflacionada': 0.04968321355694113, 'median_deflacionada': 0.048385344279879394, 'mean_normal': 0.10277393659627838, 'median_normal': 0.09902235640859747}",0.225,1876606210.0,6873212000.0,1332195000.0,18476354000.0,3782053000.0,0.3315
BRAP3,16.78,151.75,20.75,8.04,0.24,0.9765,"{'mean_deflacionada': -0.4839279327296436, 'median_deflacionada': -0.5038576986047206, 'mean_normal': -0.45794485855196837, 'median_normal': -0.48093592428025866}",1655522636.253,393096610.0,2448000.0,0.0,8155987000.0,-2448000.0,0.3
QUAL3,1.84,16.52,1.75,7.98,-0.05,0.1881,"{'mean_deflacionada': -0.13382502246801364, 'median_deflacionada': -0.13844515730965257, 'mean_normal': -0.0897733140027575, 'median_normal': -0.09683205840770881}",2.187,284014325.0,1881851000.0,1093926000.0,2333294000.0,1182904000.0,0.1946
BRAP4,17.91,101.31,20.75,4.66,0.16,0.9765,"{'mean_deflacionada': -0.4839279327296436, 'median_deflacionada': -0.5038576986047206, 'mean_normal': -0.45794485855196837, 'median_normal': -0.48093592428025866}",1655521304.011,393096610.0,2448000.0,0.0,8155987000.0,-2448000.0,0.3
BLAU3,12.72,33.46,5.51,1.63,-0.57,0.3115,"{'mean_deflacionada': 0.04168763365318928, 'median_deflacionada': -0.026712126295491023, 'mean_normal': 0.09446288017091702, 'median_normal': 0.02964124159199999}",0.256,179393939.0,558952000.0,492872000.0,576418000.0,702113000.0,0.2303
BRSR6,10.74,24.51,171.17,1.28,14.94,0.1614,"{'mean_deflacionada': 0.004612001310198048, 'median_deflacionada': 0.0015305112681469613, 'mean_normal': 0.055452614511053065, 'median_normal': 0.047801220888735285}",0.371,408974477.0,7629950000.0,0.0,66578605000.0,-7629950000.0,0.1517
AGXY3,0.52,1.13,,1.17,,0.081,"{'mean_deflacionada': 0.6459478923550395, 'median_deflacionada': 0.6651991518488434, 'mean_normal': 0.7542955823979748, 'median_normal': 0.7616141827408915}",,254543576.0,2586818000.0,,43196000.0,,0.0358
FIQE3,3.67,7.67,21.45,1.09,4.84,0.3139,"{'mean_deflacionada': 0.2506975136258938, 'median_deflacionada': 0.24424568001961933, 'mean_normal': 0.3147161972815238, 'median_normal': 0.3017298304365257}",0.224,362049609.0,651376000.0,447756000.0,1709496000.0,433385000.0,0.1699
BRSR3,12.12,24.51,171.35,1.02,13.14,0.1614,"{'mean_deflacionada': 0.004612001310198048, 'median_deflacionada': 0.0015305112681469613, 'mean_normal': 0.055452614511053065, 'median_normal': 0.047801220888735285}",0.363,408974477.0,7629950000.0,0.0,66578605000.0,-7629950000.0,0.1517
BRKM5,11.0,19.68,-69.31,0.79,-7.3,0.0119,"{'mean_deflacionada': 0.06731038627096075, 'median_deflacionada': -0.13622332062347486, 'mean_normal': 0.14971483781617578, 'median_normal': -0.08621065088757396}",0.092,796968439.0,59909000000.0,19143000000.0,6771000000.0,28553000000.0,0.3171
BRKM3,11.31,19.68,-69.31,0.74,-7.13,0.0119,"{'mean_deflacionada': 0.06731038627096075, 'median_deflacionada': -0.13622332062347486, 'mean_normal': 0.14971483781617578, 'median_normal': -0.08621065088757396}",0.092,796968439.0,59909000000.0,19143000000.0,6771000000.0,28553000000.0,0.3171
CRFB3,7.25,12.44,-15.96,0.72,-3.2,0.0441,"{'mean_deflacionada': 0.0918565710277981, 'median_deflacionada': 0.020581657318186286, 'mean_normal': 0.1478817160098488, 'median_normal': 0.06773252988628631}",0.272,2109056711.0,41498000000.0,15208000000.0,19773000000.0,36076000000.0,0.1917
GOAU4,8.95,15.18,429.1,0.7,46.94,0.1766,"{'mean_deflacionada': -0.09285982070964172, 'median_deflacionada': -0.07223264369989069, 'mean_normal': -0.046422578606704214, 'median_normal': -0.027421480390595332}",0.056,999705804.0,14917153000.0,8370848000.0,32076772000.0,13777662000.0,0.2004
GOAU3,9.12,15.18,438.76,0.66,47.11,0.1766,"{'mean_deflacionada': -0.09285982070964172, 'median_deflacionada': -0.07223264369989069, 'mean_normal': -0.046422578606704214, 'median_normal': -0.027421480390595332}",0.055,999705804.0,14917153000.0,8370848000.0,32076772000.0,13777662000.0,0.2004
NEOE3,20.9,31.43,40.2,0.5,0.92,0.2131,"{'mean_deflacionada': -0.012257052845754587, 'median_deflacionada': 0.015144592367448473, 'mean_normal': 0.03762101723268826, 'median_normal': 0.062044272534824696}",0.126,1213797248.0,52843000000.0,7826000000.0,20879000000.0,23951000000.0,0.097
AURE3,7.44,9.96,67.39,0.34,8.06,0.3452,"{'mean_deflacionada': 0.4339680944712885, 'median_deflacionada': 0.2437283753197037, 'mean_normal': 0.5088369007604208, 'median_normal': 0.30380045584764526}",0.063,1050377974.0,27215299000.0,7203178000.0,9429019000.0,11055464000.0,0.1953
MRFG3,18.06,22.75,-63.21,0.26,-4.5,0.0458,"{'mean_deflacionada': 0.15664286399559546, 'median_deflacionada': 0.07400081358073507, 'mean_normal': 0.21624432904633353, 'median_normal': 0.12587505287668455}",0.557,886000000.0,66279640000.0,22519515000.0,22048384000.0,51292387000.0,0.2119
CEBR6,19.93,24.74,,0.24,,1.009,"{'mean_deflacionada': -0.039461012361783086, 'median_deflacionada': -0.05203238628407236, 'mean_normal': 0.009041751972206616, 'median_normal': -0.006245550541593037}",0.24,72081915.0,,708612000.0,104188000.0,,0.2252
GGBR3,15.36,16.32,19.18,0.06,0.25,0.176,"{'mean_deflacionada': -0.09285982070964172, 'median_deflacionada': -0.07223264369989069, 'mean_normal': -0.046422578606704214, 'median_normal': -0.027421480390595332}",0.246,2078805560.0,14917153000.0,8276843000.0,35864913000.0,13723554000.0,0.1993
ALLD3,6.86,7.11,11.01,0.04,0.6,0.0523,"{'mean_deflacionada': 0.013380825708468805, 'median_deflacionada': 0.09138105314983247, 'mean_normal': 0.0835141765336103, 'median_normal': 0.14180285780535473}",0.337,93833680.0,651245000.0,535620000.0,812243000.0,1145340000.0,0.0716
FLRY3,11.7,12.04,27.7,0.03,1.37,0.1748,"{'mean_deflacionada': 0.20269617075896326, 'median_deflacionada': 0.13286375572759068, 'mean_normal': 0.263302304862086, 'median_normal': 0.1875810751292335}",0.18,547191026.0,5391562000.0,2341743000.0,6689284000.0,2296017000.0,0.1284
BBDC3,11.14,11.23,70.45,0.01,5.32,0.1667,"{'mean_deflacionada': 0.004167814336899167, 'median_deflacionada': -0.019300472251380207, 'mean_normal': 0.07487347618321005, 'median_normal': 0.03748203040526499}",0.424,10642170228.0,359485413000.0,0.0,719873495000.0,-359485413000.0,0.2084
GGBR4,16.18,16.32,19.64,0.01,0.21,0.176,"{'mean_deflacionada': -0.09285982070964172, 'median_deflacionada': -0.07223264369989069, 'mean_normal': -0.046422578606704214, 'median_normal': -0.027421480390595332}",0.236,2078805560.0,14917153000.0,8276843000.0,35864913000.0,13723554000.0,0.1993
IGTI11,18.5,17.68,-1.85,-0.04,-1.1,0.6945,"{'mean_deflacionada': 0.07570374777148836, 'median_deflacionada': 0.08827932188515053, 'mean_normal': 0.13048126438113328, 'median_normal': 0.13855782655624438}",345993366.969,1217931130.0,3436199000.0,1808459000.0,134408000.0,757655000.0,0.0789
BSLI3,13.74,12.9,25.95,-0.06,0.89,0.1879,"{'mean_deflacionada': 0.029255001024020972, 'median_deflacionada': -0.03474989078849677, 'mean_normal': 0.0979326207779045, 'median_normal': 0.06235427019818052}",0.297,402034834.0,2139750000.0,0.0,9143811000.0,-2139750000.0,0.2417
HYPE3,19.37,17.82,18.16,-0.08,-0.06,0.3374,"{'mean_deflacionada': 0.03364454172859832, 'median_deflacionada': 0.0024903619334692984, 'mean_normal': 0.08671240415131098, 'median_normal': 0.04880541665479554}",0.189,633420823.0,9397367000.0,1739327000.0,12421997000.0,3059897000.0,0.0131
BMOB3,17.15,15.53,12.01,-0.09,-0.3,0.1074,"{'mean_deflacionada': 0.5978436811925717, 'median_deflacionada': 0.0926702717566883, 'mean_normal': 0.6835588086191926, 'median_normal': 0.14544624588253652}",0.403,85608392.0,7226000.0,588575000.0,481559000.0,449947000.0,0.3131
BBDC4,12.44,11.09,70.51,-0.11,4.67,0.1667,"{'mean_deflacionada': 0.004167814336899167, 'median_deflacionada': -0.019300472251380207, 'mean_normal': 0.07487347618321005, 'median_normal': 0.03748203040526499}",0.414,10642170228.0,359485413000.0,0.0,719873495000.0,-359485413000.0,0.2084
AZZA3,24.5,21.49,129.09,-0.12,4.27,0.1241,"{'mean_deflacionada': 0.3707596866005993, 'median_deflacionada': 0.368757331313746, 'mean_normal': 0.4405814310751213, 'median_normal': 0.4480083807968118}",0.149,206489813.0,3530401000.0,774543000.0,5296188000.0,4001629000.0,0.1097
MGLU3,10.15,8.79,-16.97,-0.13,-2.67,0.0016,"{'mean_deflacionada': -0.023824643551360308, 'median_deflacionada': -0.013127385131217029, 'mean_normal': 0.025863195581500225, 'median_normal': 0.034538562166945175}",0.52,738995248.0,8115695000.0,2165091000.0,10841872000.0,17876901000.0,5.9289
MRVE3,5.11,4.38,-20.92,-0.14,-5.09,0.0554,"{'mean_deflacionada': 0.03593683146669313, 'median_deflacionada': 0.06869928334868614, 'mean_normal': 0.08804830816123958, 'median_normal': 0.11807319023939522}",0.139,562826671.0,9780618000.0,3739178000.0,5277013000.0,12179646000.0,0.566
EQTL3,32.0,26.92,129.53,-0.16,3.05,0.1994,"{'mean_deflacionada': 0.17736957721772026, 'median_deflacionada': 0.04961698237422474, 'mean_normal': 0.23658758366296237, 'median_normal': 0.11038980565369227}",0.142,1249437999.0,55930933000.0,13037743000.0,33416543000.0,30593572000.0,0.0218
ITUB3,27.72,22.59,111.12,-0.19,3.01,0.2683,"{'mean_deflacionada': 0.06830668645501421, 'median_deflacionada': 0.05505582078576854, 'mean_normal': 0.1419031731288296, 'median_normal': 0.1161435528092647}",0.237,9804135348.0,451834000000.0,0.0,935070000000.0,-451834000000.0,0.1758
CSMG3,19.75,15.31,40.16,-0.22,1.03,0.2411,"{'mean_deflacionada': 0.0504171037469224, 'median_deflacionada': 0.014944001198506474, 'mean_normal': 0.10351983691247013, 'median_normal': 0.06396579645639422}",0.148,380253069.0,6192523000.0,827808000.0,6184878000.0,1271037000.0,0.1607
VALE3,56.7,44.3,9.41,-0.22,-0.83,0.3858,"{'mean_deflacionada': -0.15327261308803042, 'median_deflacionada': -0.13118454102426236, 'mean_normal': -0.11058034005079498, 'median_normal': -0.08922075435573429}",0.174,4539007580.0,17672000000.0,5006000000.0,48291000000.0,27952000000.0,0.1472
LREN3,12.23,9.17,4.06,-0.25,-0.67,0.1046,"{'mean_deflacionada': 0.05955534228184841, 'median_deflacionada': 0.009039318568725863, 'mean_normal': 0.11384107809575787, 'median_normal': 0.05777591765559542}",0.232,1059549692.0,3576911000.0,2771307000.0,4040932000.0,6014728000.0,0.048
BMIN4,16.78,11.95,-67.64,-0.29,-5.03,0.2723,"{'mean_deflacionada': 0.23044278650519598, 'median_deflacionada': 0.0413344838259162, 'mean_normal': 0.29501977712926125, 'median_normal': 0.09163093939470812}",0.227,4825200.0,143188000.0,9628000.0,0.0,209032000.0,0.4076
ITUB4,31.39,21.7,111.9,-0.31,2.56,0.2683,"{'mean_deflacionada': 0.06830668645501421, 'median_deflacionada': 0.05505582078576854, 'mean_normal': 0.1419031731288296, 'median_normal': 0.1161435528092647}",0.227,9804135348.0,451834000000.0,0.0,935070000000.0,-451834000000.0,0.1758
DXCO3,5.38,3.59,3.92,-0.33,-0.27,0.1596,"{'mean_deflacionada': -0.04087864866735128, 'median_deflacionada': -0.018123632291227265, 'mean_normal': 0.00800680845417756, 'median_normal': 0.03872700939911078}",0.096,820566246.0,7252994000.0,1753720000.0,2130224000.0,3696021000.0,0.132
CCRO3,11.64,7.83,3.16,-0.33,-0.73,0.2975,"{'mean_deflacionada': 0.1739524568890006, 'median_deflacionada': 0.0975763715615241, 'mean_normal': 0.23473266717996988, 'median_normal': 0.15058931030794565}",0.12,2020000000.0,34132711000.0,6392287000.0,37303469000.0,10962302000.0,0.2446
EZTC3,15.21,9.96,21.86,-0.35,0.44,0.3453,"{'mean_deflacionada': 0.13473968266120748, 'median_deflacionada': 0.10651410462642263, 'mean_normal': 0.19244209454642003, 'median_normal': 0.17058127128429246}",0.205,220989103.0,1159374000.0,768528000.0,1753515000.0,424034000.0,0.0808
AGRO3,22.53,14.59,10.35,-0.35,-0.54,0.3743,"{'mean_normal': 0.23323418320771924, 'median_normal': -0.12208797318038733}",0.143,102683444.0,1043998000.0,193894000.0,740210000.0,381405000.0,0.1029
POSI3,5.02,3.0,-4.14,-0.4,-1.82,0.1212,"{'mean_deflacionada': -0.03154451172452307, 'median_deflacionada': -0.085043416123734, 'mean_normal': 0.018656753696258372, 'median_normal': -0.04085101312251049}",0.218,141800000.0,1318010000.0,566929000.0,407414000.0,1502856000.0,0.0106
ABEV3,13.5,7.3,9.17,-0.46,-0.32,0.2194,"{'mean_deflacionada': 0.02018042327867675, 'median_deflacionada': 0.034204597514442714, 'mean_normal': 0.07209526843082521, 'median_normal': 0.09408504371052917}",0.226,15757657336.0,3452700000.0,29837700000.0,80533400000.0,59475100000.0,0.0408
ALPA4,6.85,3.48,-0.66,-0.49,-1.1,0.068,"{'mean_deflacionada': -0.03195447123577111, 'median_deflacionada': 0.001121166694550757, 'mean_normal': 0.01740826149167507, 'median_normal': 0.059086082246165184}",0.259,683062222.0,1613284000.0,1488511000.0,630819000.0,1227968000.0,0.1139
ALPA3,6.44,3.17,-0.7,-0.51,-1.11,0.068,"{'mean_deflacionada': -0.03195447123577111, 'median_deflacionada': 0.001121166694550757, 'mean_normal': 0.01740826149167507, 'median_normal': 0.059086082246165184}",0.282,683062222.0,1613284000.0,1488511000.0,630819000.0,1227968000.0,0.1139
USIM5,5.68,2.69,0.55,-0.53,-0.9,0.0931,"{'mean_deflacionada': -0.12791196545145708, 'median_deflacionada': -0.10711528643209112, 'mean_normal': -0.0834483197193407, 'median_normal': -0.06398895476676103}",0.166,1253079108.0,7757953000.0,5953981000.0,3230271000.0,5430149000.0,0.2438
PCAR3,3.09,1.43,5041.29,-0.54,1630.49,0.033,"{'mean_deflacionada': -0.01715085682777469, 'median_deflacionada': 0.00460198302782322, 'mean_normal': 0.048162075047168, 'median_normal': 0.0627684378451343}",0.005,490177018.0,9574000000.0,3748000000.0,3862000000.0,7754000000.0,37.9606
VIVT3,49.83,23.06,165.82,-0.54,2.33,0.1246,"{'mean_deflacionada': 0.03013790692198522, 'median_deflacionada': 0.03132234628343511, 'mean_normal': 0.08246818007223126, 'median_normal': 0.08448981729459426}",0.148,1630643696.0,20746530000.0,6691098000.0,235637230000.0,34394648000.0,0.1494
BMKS3,381.5,175.76,307.15,-0.54,-0.19,1.4342,"{'mean_deflacionada': -0.094372033726781, 'median_deflacionada': -0.09679872587703431, 'mean_normal': -0.048029709269545494, 'median_normal': -0.05317410433689507}",3.139,454750.0,4244000.0,164596000.0,0.0,25751000.0,0.212
PETR4,37.16,16.87,107.13,-0.55,1.88,0.3882,"{'mean_deflacionada': 0.20294717006024565, 'median_deflacionada': 0.40129820010037975, 'mean_normal': 0.28975841631631644, 'median_normal': 0.4824333658861921}",0.146,13044496930.0,62600000000.0,15546000000.0,170536000000.0,75492000000.0,0.2666
ELET3,40.79,17.99,46.55,-0.56,0.14,0.3051,"{'mean_deflacionada': 0.07038708528717141, 'median_deflacionada': 0.04237056318103094, 'mean_normal': 0.14592675968989163, 'median_normal': 0.09052808319999461}",0.3,2307099811.0,63151074000.0,18966542000.0,202137043000.0,91441936000.0,0.0864
USIM3,5.61,2.44,0.53,-0.57,-0.91,0.0931,"{'mean_deflacionada': -0.12791196545145708, 'median_deflacionada': -0.10711528643209112, 'mean_normal': -0.0834483197193407, 'median_normal': -0.06398895476676103}",0.167,1253079108.0,7757953000.0,5953981000.0,3230271000.0,5430149000.0,0.2438
MDIA3,22.75,9.22,16.78,-0.59,-0.26,0.0853,"{'mean_deflacionada': 0.03286253640017467, 'median_deflacionada': 0.022940618204730256, 'mean_normal': 0.08595480994591494, 'median_normal': 0.07020047476578872}",0.183,339000000.0,2446079000.0,2176139000.0,2925352000.0,2324845000.0,0.1091
KLBN3,3.85,1.57,1.56,-0.59,-0.59,0.3356,"{'mean_deflacionada': 0.01622690726080822, 'median_deflacionada': 0.03974574761883165, 'mean_normal': 0.06838531673378712, 'median_normal': 0.08996546722882126}",0.122,6179682031.0,41562440000.0,7530208000.0,10540913000.0,9191192000.0,0.1712
IGTI3,2.18,0.9,0.86,-0.59,-0.61,0.6945,"{'mean_deflacionada': 0.07570374777148836, 'median_deflacionada': 0.08827932188515053, 'mean_normal': 0.13048126438113328, 'median_normal': 0.13855782655624438}",0.32,1217931130.0,3436199000.0,1808459000.0,134408000.0,757655000.0,0.0789
PETR3,40.82,15.74,115.73,-0.61,1.84,0.3882,"{'mean_deflacionada': 0.20294717006024565, 'median_deflacionada': 0.40129820010037975, 'mean_normal': 0.28975841631631644, 'median_normal': 0.4824333658861921}",0.138,13044496930.0,62600000000.0,15546000000.0,170536000000.0,75492000000.0,0.2666
ELET6,44.42,17.07,47.57,-0.62,0.07,0.3051,"{'mean_deflacionada': 0.07038708528717141, 'median_deflacionada': 0.04237056318103094, 'mean_normal': 0.14592675968989163, 'median_normal': 0.09052808319999461}",0.285,2307099811.0,63151074000.0,18966542000.0,202137043000.0,91441936000.0,0.0864
BMIN3,20.0,7.06,-66.83,-0.65,-4.34,0.2723,"{'mean_deflacionada': 0.23044278650519598, 'median_deflacionada': 0.0413344838259162, 'mean_normal': 0.29501977712926125, 'median_normal': 0.09163093939470812}",0.187,4825200.0,143188000.0,9628000.0,0.0,209032000.0,0.4076
DIRR3,31.43,10.64,22.63,-0.66,-0.28,0.2281,"{'mean_deflacionada': 0.18266264091610385, 'median_deflacionada': 0.1507975265317929, 'mean_normal': 0.2427391324484008, 'median_normal': 0.2174287033179838}",0.238,173500000.0,1688926000.0,1615181000.0,4427391000.0,6154729000.0,0.0905
FESA4,7.26,2.46,4.07,-0.66,-0.44,0.2457,"{'mean_deflacionada': -0.046838857374086364, 'median_deflacionada': -0.12380678497635533, 'mean_normal': 0.002653480242078269, 'median_normal': -0.0814866526907132}",0.298,340386800.0,263844000.0,846746000.0,691877000.0,783263000.0,0.0816
KLBN4,3.75,1.24,1.5,-0.67,-0.6,0.3356,"{'mean_deflacionada': 0.01622690726080822, 'median_deflacionada': 0.03974574761883165, 'mean_normal': 0.06838531673378712, 'median_normal': 0.08996546722882126}",0.123,6179682031.0,41562440000.0,7530208000.0,10540913000.0,9191192000.0,0.1712
AFLT3,6.8,2.16,0.96,-0.68,-0.86,0.5461,"{'mean_deflacionada': -0.1074084757615114, 'median_deflacionada': -0.10718122578660028, 'mean_normal': -0.0631097156604028, 'median_normal': -0.06593299841794109}",0.195,63084700.0,30794000.0,7321000.0,1209000.0,59051000.0,0.0934
BALM4,11.4,3.58,-1.75,-0.69,-1.15,0.071,"{'mean_deflacionada': -0.2285150224842748, 'median_deflacionada': -0.25393639066126883, 'mean_normal': -0.17707732095660292, 'median_normal': -0.17888239156179242}",0.511,9800000.0,20301000.0,59462000.0,19501000.0,84025000.0,0.2267
SMFT3,20.42,5.74,38.02,-0.72,0.86,0.2416,"{'mean_deflacionada': 0.42050169997947334, 'median_deflacionada': 0.3845356660406458, 'mean_normal': 0.49333604368759004, 'median_normal': 0.4485012138117237}",0.173,587672830.0,11315226000.0,2947375000.0,2874199000.0,1563297000.0,0.0366
LOGG3,18.23,4.83,7.98,-0.74,-0.56,2.5342,"{'mean_deflacionada': 0.09852879640967178, 'median_deflacionada': -0.031285036858082704, 'mean_normal': 0.15530880437077624, 'median_normal': 0.013469594439073695}",0.136,87859154.0,2253242000.0,523595000.0,39746000.0,915584000.0,0.0862
CSAN3,7.39,1.89,,-0.74,,0.2422,"{'mean_deflacionada': 0.14872750966163642, 'median_deflacionada': 0.06227767783329785, 'mean_normal': 0.20809800098544784, 'median_normal': 0.11358568967264615}",,1866570932.0,66455000000.0,20177000000.0,90778000000.0,35413000000.0,0.22
TIMS3,17.8,4.36,45.84,-0.76,1.58,0.203,"{'mean_deflacionada': 0.04510466544611347, 'median_deflacionada': 0.05808384273057876, 'mean_normal': 0.11501385229939294, 'median_normal': 0.10696731626473155}",0.191,2420804398.0,16027721000.0,5036421000.0,87741828000.0,13216495000.0,0.0448
SLCE3,18.6,4.44,4.38,-0.76,-0.76,0.2393,"{'mean_deflacionada': 0.05158431806109576, 'median_deflacionada': -0.08394856518484783, 'mean_normal': 0.1062871004466062, 'median_normal': -0.04162698889638783}",0.152,443329716.0,8665451000.0,1979575000.0,7000546000.0,4804349000.0,0.1666
RADL3,19.05,4.32,1.74,-0.77,-0.91,0.0574,"{'mean_deflacionada': 0.11575162269881356, 'median_deflacionada': 0.11718062200702728, 'mean_normal': 0.17250464734685544, 'median_normal': 0.16879436674375192}",0.167,1718007200.0,7695215000.0,543708000.0,2468510000.0,8004280000.0,0.0972
HAPV3,2.21,0.47,7.65,-0.79,2.46,0.0588,"{'mean_deflacionada': 0.46105539345694974, 'median_deflacionada': 0.12491248445921244, 'mean_normal': 0.5381053729513576, 'median_normal': 0.17688344124122812}",0.267,7539463263.0,16519683000.0,8774375000.0,55678621000.0,8303040000.0,0.0794
FESA3,12.25,2.43,5.58,-0.8,-0.54,0.2457,"{'mean_deflacionada': -0.046838857374086364, 'median_deflacionada': -0.12380678497635533, 'mean_normal': 0.002653480242078269, 'median_normal': -0.0814866526907132}",0.176,340386800.0,263844000.0,846746000.0,691877000.0,783263000.0,0.0816
ALOS3,19.13,3.54,26.81,-0.81,0.4,0.5761,"{'mean_deflacionada': 0.47225065778673336, 'median_deflacionada': 0.12031884268960358, 'mean_normal': 0.5453124180207845, 'median_normal': 0.18518530368133157}",0.149,542936909.0,6824447000.0,3369105000.0,1064162000.0,6329823000.0,0.0495
LWSA3,2.67,0.5,3.08,-0.81,0.15,0.0389,"{'mean_deflacionada': 0.14682681893694852, 'median_deflacionada': 0.0883194708151478, 'mean_normal': 0.20574861411064763, 'median_normal': 0.13859983036680745}",0.306,562886478.0,74427000.0,447378000.0,2362511000.0,1190352000.0,0.4115
JBSS3,41.11,7.6,18.4,-0.82,-0.55,0.0619,"{'mean_deflacionada': 0.008286489524840382, 'median_deflacionada': 0.009713212915885672, 'mean_normal': 0.05969180090348999, 'median_normal': 0.05848236109972271}",0.088,2218116370.0,19945519000.0,5613672000.0,10157426000.0,12605490000.0,0.1706
ANIM3,2.3,0.38,15.24,-0.83,5.63,0.1278,"{'mean_deflacionada': 0.08113883854929867, 'median_deflacionada': 0.00136478793377659, 'mean_normal': 0.13672292827034171, 'median_normal': 0.047627841136316906}",0.183,403868805.0,5309792000.0,1251981000.0,7849447000.0,1598847000.0,0.3
RENT3,33.59,4.34,571.72,-0.87,16.02,0.2749,"{'mean_deflacionada': 0.44188186233751, 'median_deflacionada': 0.5420361575261881, 'mean_normal': 0.5153718538146629, 'median_normal': 0.6252241394977656}",0.195,1082620720.0,46103151000.0,11425562000.0,12438173000.0,14797742000.0,0.0579
NTCO3,9.99,1.05,0.47,-0.89,-0.95,0.0093,"{'mean_deflacionada': -0.10744491388239952, 'median_deflacionada': -0.1297466383673057, 'mean_normal': -0.06200373271703996, 'median_normal': -0.07935896872877268}",0.123,1386848066.0,8173006000.0,4458126000.0,15476540000.0,13288830000.0,1.3372
CGAS3,131.99,11.9,73.9,-0.91,-0.44,0.2019,"{'mean_deflacionada': 0.06548508889990261, 'median_deflacionada': -0.02817000308543749, 'mean_normal': 0.12074272673270332, 'median_normal': 0.018769385765535995}",0.133,132520587.0,9825090000.0,3418838000.0,8229600000.0,4632540000.0,0.1724
CGAS5,136.99,10.54,76.24,-0.92,-0.44,0.2019,"{'mean_deflacionada': 0.06548508889990261, 'median_deflacionada': -0.02817000308543749, 'mean_normal': 0.12074272673270332, 'median_normal': 0.018769385765535995}",0.13,132520587.0,9825090000.0,3418838000.0,8229600000.0,4632540000.0,0.1724
PETZ3,4.07,0.27,5.28,-0.93,0.3,0.0738,"{'mean_deflacionada': 0.224642182398172, 'median_deflacionada': 0.277408361356533, 'mean_normal': 0.3102557106280465, 'median_normal': 0.35137030547907644}",0.279,462523502.0,1473253000.0,426455000.0,3120234000.0,713265000.0,0.0993
AMBP3,122.84,2.17,615.37,-0.98,4.01,0.2024,"{'mean_deflacionada': 0.860009449324805, 'median_deflacionada': 0.8693898968147933, 'mean_normal': 0.9982334769745768, 'median_normal': 0.97762757184037}",0.17,167041869.0,7259873000.0,2907777000.0,4267250000.0,1769489000.0,0.145
SUZB3,52.94,1.08,196.73,-0.98,2.72,0.4312,"{'mean_deflacionada': 0.044789600299010024, 'median_deflacionada': 0.1498388716327741, 'mean_normal': 0.11970131564279089, 'median_normal': 0.21641454230031165}",0.103,1264117615.0,83416474000.0,21169757000.0,54539199000.0,15366251000.0,0.1685
AALR3,7.76,0.14,-3.91,-0.98,-1.5,-0.008,"{'mean_deflacionada': 0.01780135230773457, 'median_deflacionada': 0.03915616095240426, 'mean_normal': 0.08850485966352058, 'median_normal': 0.08716517558840531}",0.278,118292816.0,1309243000.0,234842000.0,1013896000.0,416576000.0,0.1711
RAIL3,16.22,0.22,-0.08,-0.99,-1.0,0.37,"{'mean_deflacionada': 0.17606934002534258, 'median_deflacionada': 0.21545261311012243, 'mean_normal': 0.23613130691988107, 'median_normal': 0.27415897432334146}",0.545,1854868949.0,26876598000.0,8274413000.0,18541660000.0,8781270000.0,0.0493
CSNA3,9.47,-0.17,16.74,-1.02,0.77,0.2003,"{'mean_deflacionada': 0.10075015266712051, 'median_deflacionada': -0.020979645092877752, 'mean_normal': 0.1812752515598779, 'median_normal': 0.024251095303831294}",0.116,1326093947.0,45592836000.0,17586420000.0,20550298000.0,26252046000.0,0.1806
CASH3,3.27,-0.11,,-1.03,,-0.1437,"{'mean_deflacionada': 0.06325808190098943, 'median_deflacionada': 0.06617167989269634, 'mean_normal': 0.11760587954487527, 'median_normal': 0.11766777203151357}",,87169265.0,226000.0,270796000.0,114683000.0,137098000.0,0.3331
BPAC3,17.67,-1.28,21.62,-1.07,0.22,0.4553,"{'mean_deflacionada': 0.26477978191773693, 'median_deflacionada': 0.11829904298940175, 'mean_normal': 0.33034545905704005, 'median_normal': 0.1723128867657897}",0.913,11506119928.0,42279088000.0,0.0,227741700000.0,-42279088000.0,0.1333
EMBR3,65.75,-4.38,-1.37,-1.07,-1.02,0.0329,"{'mean_deflacionada': 0.0476465909889936, 'median_deflacionada': 0.022562433355184597, 'mean_normal': 0.11837334114455429, 'median_normal': 0.11299090451062033}",0.241,740465044.0,2982400000.0,2150900000.0,4289700000.0,4760800000.0,0.2613
BPAC11,33.7,-2.66,24.64,-1.08,-0.27,0.4553,"{'mean_deflacionada': 0.26477978191773693, 'median_deflacionada': 0.11829904298940175, 'mean_normal': 0.33034545905704005, 'median_normal': 0.1723128867657897}",0.393,11506119928.0,42279088000.0,0.0,227741700000.0,-42279088000.0,0.1333
EALT3,14.2,-1.11,,-1.08,,0.1309,"{'mean_deflacionada': 0.19948967199884135, 'median_deflacionada': 0.2034810399484146, 'mean_normal': 0.2694954528666591, 'median_normal': 0.273162592161428}",,22500000.0,,,0.0,,0.1223
EALT4,13.56,-1.13,,-1.08,,0.1309,"{'mean_deflacionada': 0.19948967199884135, 'median_deflacionada': 0.2034810399484146, 'mean_normal': 0.2694954528666591, 'median_normal': 0.273162592161428}",,22500000.0,,,0.0,,0.1223
BAUH4,79.0,-8.07,11.41,-1.1,-0.86,0.0706,"{'mean_deflacionada': -0.007688000291221557, 'median_deflacionada': 0.03563198133483736, 'mean_normal': 0.05732687301294059, 'median_normal': 0.09559507305412462}",0.11,5222222.0,8247000.0,28228000.0,44730000.0,52748000.0,0.487
SBSP3,102.0,-10.75,119.97,-1.11,0.18,0.2207,"{'mean_deflacionada': 0.05764351354900488, 'median_deflacionada': 0.06964863651861353, 'mean_normal': 0.1287218911825175, 'median_normal': 0.13158129257304152}",0.161,683509869.0,19536350000.0,3265236000.0,45414470000.0,12077231000.0,0.2047
BMEB4,35.5,-4.29,63.34,-1.12,0.78,0.106,"{'mean_deflacionada': 0.1489668914944061, 'median_deflacionada': 0.1692288367463437, 'mean_normal': 0.2070391625365975, 'median_normal': 0.22324720900402473}",0.596,104831580.0,4373610000.0,0.0,5613032000.0,-4373610000.0,0.1978
WEGE3,45.28,-5.35,10.69,-1.12,-0.76,0.1967,"{'mean_deflacionada': 0.11780677210918895, 'median_deflacionada': 0.11485210526163336, 'mean_normal': 0.17490851718758638, 'median_normal': 0.16869946194577023}",0.21,4197317998.0,4418355000.0,7996076000.0,13666782000.0,13946129000.0,0.1579
LIGT3,4.72,-0.61,-8.87,-1.13,-2.88,0.0773,"{'mean_deflacionada': -0.045233847497269, 'median_deflacionada': -0.005684057890227856, 'mean_normal': 0.0029304643225292284, 'median_normal': 0.0423414021136741}",0.092,504323033.0,9781557000.0,3089522000.0,5596974000.0,10343647000.0,0.1979
BMEB3,32.8,-4.55,62.53,-1.14,0.91,0.106,"{'mean_deflacionada': 0.1489668914944061, 'median_deflacionada': 0.1692288367463437, 'mean_normal': 0.2070391625365975, 'median_normal': 0.22324720900402473}",0.64,104831580.0,4373610000.0,0.0,5613032000.0,-4373610000.0,0.1978
BPAC5,7.71,-1.3,20.63,-1.17,1.68,0.4553,"{'mean_deflacionada': 0.26477978191773693, 'median_deflacionada': 0.11829904298940175, 'mean_normal': 0.33034545905704005, 'median_normal': 0.1723128867657897}",1.865,11506119928.0,42279088000.0,0.0,227741700000.0,-42279088000.0,0.1333
BBSE3,40.3,-7.29,25.48,-1.18,-0.37,1.7659,"{'mean_deflacionada': 0.09793298047581733, 'median_deflacionada': 0.043315868476044184, 'mean_normal': 0.1540981947436121, 'median_normal': 0.0929095595713596}",0.226,2000000000.0,0.0,5301000.0,10617040000.0,0.0,0.1796
ENGI11,40.0,-7.68,27.7,-1.19,-0.31,0.2239,"{'mean_deflacionada': 0.028379109951808774, 'median_deflacionada': 0.043187900728627326, 'mean_normal': 0.08026067890003134, 'median_normal': 0.09138318174228965}",0.052,2285652288.0,35247233000.0,8770925000.0,21321606000.0,19791198000.0,0.1276
ENGI3,11.73,-2.56,3.2,-1.22,-0.73,0.2239,"{'mean_deflacionada': 0.028379109951808774, 'median_deflacionada': 0.043187900728627326, 'mean_normal': 0.08026067890003134, 'median_normal': 0.09138318174228965}",0.116,2285652288.0,35247233000.0,8770925000.0,21321606000.0,19791198000.0,0.1276
EGIE3,38.6,-13.39,-11.25,-1.35,-1.29,0.4962,"{'mean_deflacionada': -0.08133217334341854, 'median_deflacionada': -0.10252474037886772, 'mean_normal': -0.034692565011973965, 'median_normal': -0.050560922846804135}",0.139,815927740.0,24134936000.0,4391072000.0,6327848000.0,13696967000.0,0.1408
CYRE3,23.9,-8.58,22.16,-1.36,-0.07,0.2683,"{'mean_deflacionada': 0.1291370047349453, 'median_deflacionada': 0.10426001532871809, 'mean_normal': 0.18631858247276809, 'median_normal': 0.1552768280369048}",0.202,384000000.0,5974580000.0,3052594000.0,2395095000.0,5317108000.0,0.0803
CEAB3,10.62,-3.85,2.15,-1.36,-0.8,0.0726,"{'mean_deflacionada': 0.08568923489359204, 'median_deflacionada': 0.08414136396322913, 'mean_normal': 0.14103062333292207, 'median_normal': 0.1365053918426531}",0.275,308245068.0,3324889000.0,1572535000.0,1222960000.0,3420522000.0,0.0642
CAMB3,9.98,-4.12,12.76,-1.41,0.28,0.201,"{'mean_deflacionada': 0.2133894780253716, 'median_deflacionada': -0.0034501627918215316, 'mean_normal': 0.2768470088951562, 'median_normal': 0.042590439687196335}",0.23,41873580.0,3233000.0,43844000.0,47262000.0,84396000.0,0.0359
ENGI4,7.1,-2.99,0.54,-1.42,-0.92,0.2239,"{'mean_deflacionada': 0.028379109951808774, 'median_deflacionada': 0.043187900728627326, 'mean_normal': 0.08026067890003134, 'median_normal': 0.09138318174228965}",0.139,2285652288.0,35247233000.0,8770925000.0,21321606000.0,19791198000.0,0.1276
ECOR3,5.42,-2.26,-84.26,-1.42,-16.55,0.2693,"{'mean_deflacionada': 0.23041549690546734, 'median_deflacionada': 0.23170256859909455, 'mean_normal': 0.2928096263904671, 'median_normal': 0.3030181473209823}",0.083,696334224.0,20277116000.0,3868611000.0,21659514000.0,5328420000.0,0.2484
TAEE11,33.66,-16.81,37.34,-1.5,0.11,0.794,"{'mean_deflacionada': -0.001519754782163966, 'median_deflacionada': 0.05532007345176404, 'mean_normal': 0.04812691948342429, 'median_normal': 0.10629203299948431}",0.079,1033496721.0,9799865000.0,750976000.0,417744000.0,3691724000.0,0.0866
KLBN11,18.66,-9.98,-0.91,-1.53,-1.05,0.3356,"{'mean_deflacionada': 0.01622690726080822, 'median_deflacionada': 0.03974574761883165, 'mean_normal': 0.06838531673378712, 'median_normal': 0.08996546722882126}",0.181,6179682031.0,41562440000.0,7530208000.0,10540913000.0,9191192000.0,0.1712
PSSA3,40.0,-24.69,49.17,-1.62,0.23,0.1023,"{'mean_deflacionada': 0.08431963452164, 'median_deflacionada': 0.038208345155925194, 'mean_normal': 0.13918177145691413, 'median_normal': 0.09832060834045331}",0.343,646586060.0,576394000.0,2191494000.0,22874862000.0,-576394000.0,0.2054
BRFS3,19.68,-14.54,-9.76,-1.74,-1.5,0.0442,"{'mean_deflacionada': 0.0391339644868209, 'median_deflacionada': 0.05206338691426615, 'mean_normal': 0.1114249770125545, 'median_normal': 0.11297785701660246}",0.243,1682473246.0,23817395000.0,9712542000.0,9787912000.0,17811039000.0,0.6659
CMIG3,14.79,-11.38,19.0,-1.77,0.28,0.1904,"{'mean_deflacionada': 0.06734632037522148, 'median_deflacionada': 0.02204424347156264, 'mean_normal': 0.14240726238360812, 'median_normal': 0.0692626875199489}",0.158,2861781895.0,10264000000.0,3125000000.0,31289000000.0,20080000000.0,0.1494
IRBR3,51.26,-40.21,157.87,-1.78,2.08,-0.0711,"{'mean_deflacionada': -0.8693518857607957, 'median_deflacionada': -0.8163955800930199, 'mean_normal': -0.8639757431157142, 'median_normal': -0.8075274866115127}",2.122,82263011.0,510747000.0,3720537000.0,9265966000.0,-510747000.0,0.705
UGPA3,17.11,-14.22,22.55,-1.83,0.32,0.0237,"{'mean_deflacionada': 0.1407994719257298, 'median_deflacionada': 0.23730894165547678, 'mean_normal': 0.22274242362596006, 'median_normal': 0.308949129377329}",0.182,1115439503.0,13295069000.0,6218622000.0,7451035000.0,10927079000.0,0.1398
BAZA3,87.5,-73.75,335.77,-1.84,2.84,0.4433,"{'mean_deflacionada': 0.16583512482435225, 'median_deflacionada': 0.17186301134206539, 'mean_normal': 0.24629114978610867, 'median_normal': 0.2897524302830774}",0.745,56058315.0,469602000.0,0.0,16439601000.0,-469602000.0,0.3448
TRIS3,6.25,-6.2,8.94,-1.99,0.43,0.2006,"{'mean_deflacionada': 0.1571956619946012, 'median_deflacionada': 0.22734106250444075, 'mean_normal': 0.2151376403087724, 'median_normal': 0.2866216358234053}",0.217,186617538.0,821718000.0,470151000.0,21264000.0,732819000.0,0.134
TOTS3,33.37,-33.85,15.6,-2.01,-0.53,0.2027,"{'mean_deflacionada': 0.14849770694964803, 'median_deflacionada': 0.12225581612571901, 'mean_normal': 0.20704034084959155, 'median_normal': 0.17646077204459099}",0.249,599401581.0,1661549000.0,1942162000.0,4760289000.0,1883051000.0,0.1532
BGIP3,27.0,-38.83,127.88,-2.44,3.74,0.1217,"{'mean_deflacionada': 0.009790511536063176, 'median_deflacionada': -0.020907058118624366, 'mean_normal': 0.06099746722407525, 'median_normal': 0.03126705017534093}",0.149,19774698.0,218769000.0,0.0,2115574000.0,-218769000.0,0.3452
YDUQ3,11.54,-21.13,9.97,-2.83,-0.14,0.1545,"{'mean_deflacionada': 0.017411370180091163, 'median_deflacionada': -0.008228815296727365, 'mean_normal': 0.06894226891972959, 'median_normal': 0.03967373292444076}",0.193,287380637.0,5605972000.0,1046915000.0,4094283000.0,1193492000.0,0.3
BGIP4,26.7,-49.69,127.88,-2.86,3.79,0.1217,"{'mean_deflacionada': 0.009790511536063176, 'median_deflacionada': -0.020907058118624366, 'mean_normal': 0.06099746722407525, 'median_normal': 0.03126705017534093}",0.149,19774698.0,218769000.0,0.0,2115574000.0,-218769000.0,0.3452
TAEE3,11.3,-22.85,8.35,-3.02,-0.26,0.794,"{'mean_deflacionada': -0.001519754782163966, 'median_deflacionada': 0.05532007345176404, 'mean_normal': 0.04812691948342429, 'median_normal': 0.10629203299948431}",0.167,1033496721.0,9799865000.0,750976000.0,417744000.0,3691724000.0,0.0866
TAEE4,11.3,-24.63,8.49,-3.18,-0.25,0.794,"{'mean_deflacionada': -0.001519754782163966, 'median_deflacionada': 0.05532007345176404, 'mean_normal': 0.04812691948342429, 'median_normal': 0.10629203299948431}",0.166,1033496721.0,9799865000.0,750976000.0,417744000.0,3691724000.0,0.0866
BPAN4,7.29,-17.51,5.67,-3.4,-0.22,0.0897,"{'mean_deflacionada': 0.08406142305855917, 'median_deflacionada': 0.07856658722096066, 'mean_normal': 0.13944040319881812, 'median_normal': 0.1306613533837333}",0.342,1269070090.0,4980981000.0,0.0,3925344000.0,-4980981000.0,0.1835
ASAI3,7.54,-18.76,-5.28,-3.49,-1.7,0.0572,"{'mean_deflacionada': 0.1507178113922442, 'median_deflacionada': 0.16592516002784352, 'mean_normal': 0.22783039660195512, 'median_normal': 0.21979090242112975}",0.173,1352089999.0,24368000000.0,5459000000.0,16557000000.0,14179000000.0,0.089
BBAS3,28.19,-72.28,154.82,-3.56,4.49,0.3058,"{'mean_deflacionada': 0.07283225092978436, 'median_deflacionada': 0.07782109139080551, 'mean_normal': 0.12770535804936842, 'median_normal': 0.12987985010498138}",0.275,5730834040.0,135723112000.0,0.0,724730723000.0,-135723112000.0,0.194
FRAS3,27.09,-72.96,11.42,-3.69,-0.58,0.1439,"{'mean_deflacionada': 0.09834833502179292, 'median_deflacionada': 0.11638754501872373, 'mean_normal': 0.154239638777855, 'median_normal': 0.17030906344312813}",0.22,270016343.0,1283441000.0,1394355000.0,831129000.0,1334688000.0,0.1716
SMTO3,20.7,-56.24,24.29,-3.72,0.17,0.3395,"{'mean_normal': 0.17572850813491328, 'median_normal': 0.15867490519589933}",0.144,332435391.0,7173721000.0,3150778000.0,11113778000.0,6314237000.0,0.1642
ITSA3,9.7,-31.84,5.2,-4.28,-0.46,1.9867,"{'mean_deflacionada': -0.04085333741432599, 'median_deflacionada': -0.018169873735442543, 'mean_normal': 0.008033181928543595, 'median_normal': 0.03867809057527549}",0.204,10893218777.0,11885000000.0,6962000000.0,8723000000.0,21881000000.0,0.0162
ITSA4,9.45,-32.2,5.03,-4.41,-0.47,1.9867,"{'mean_deflacionada': -0.04085333741432599, 'median_deflacionada': -0.018169873735442543, 'mean_normal': 0.008033181928543595, 'median_normal': 0.03867809057527549}",0.209,10893218777.0,11885000000.0,6962000000.0,8723000000.0,21881000000.0,0.0162
CMIG4,10.26,-42.03,14.3,-5.1,0.39,0.1904,"{'mean_deflacionada': 0.06734632037522148, 'median_deflacionada': 0.02204424347156264, 'mean_normal': 0.14240726238360812, 'median_normal': 0.0692626875199489}",0.21,2861781895.0,10264000000.0,3125000000.0,31289000000.0,20080000000.0,0.1494
INTB3,12.8,-86.94,10.44,-7.79,-0.18,0.1279,"{'mean_deflacionada': 0.10943803209237583, 'median_deflacionada': 0.1055961752185326, 'mean_normal': 0.16652237651530688, 'median_normal': 0.15899647048158783}",0.169,327611110.0,941730000.0,888109000.0,819700000.0,1661255000.0,0.0177
RAIZ4,1.85,-16.22,22.98,-9.77,11.42,0.03,"{'mean_normal': 0.4403825840388776, 'median_normal': 0.2852614207295394}",0.074,10352509484.0,47164757000.0,15007958000.0,27187588000.0,58892989000.0,0.151
CSUD3,16.83,-636.67,16.57,-38.83,-0.02,0.2227,"{'mean_deflacionada': -0.015832299348720547, 'median_deflacionada': -0.012218251453447793, 'mean_normal': 0.0342034521880474, 'median_normal': 0.04497431178739775}",0.234,41800000.0,70541000.0,96197000.0,405781000.0,148507000.0,0.2569
MULT3,22.37,-1190.01,51.64,-54.2,1.31,0.6968,"{'mean_deflacionada': 0.19804538347076886, 'median_deflacionada': 0.19608590417974137, 'mean_normal': 0.2593759250781273, 'median_normal': 0.253856853351623}",0.147,519163701.0,5430932000.0,1191613000.0,924664000.0,1435100000.0,0.0705
OIBR3,1.0,,663.87,,662.87,-0.7128,"{'mean_deflacionada': -0.02329431279576971, 'median_deflacionada': -0.02329431279576971, 'mean_normal': 0.02807459725678918, 'median_normal': 0.02807459725678918}",0.436,66629004.0,25485857000.0,2183529000.0,93466051000.0,27921499000.0,0.9252
OIBR4,6.66,,668.19,,99.33,-0.7128,"{'mean_deflacionada': -0.02329431279576971, 'median_deflacionada': -0.02329431279576971, 'mean_normal': 0.02807459725678918, 'median_normal': 0.02807459725678918}",0.38,66629004.0,25485857000.0,2183529000.0,93466051000.0,27921499000.0,0.9252
AHEB3,45.0,,4389.35,,96.54,0.0624,"{'mean_deflacionada': 1.0363439099719731, 'median_deflacionada': 1.777736939001, 'mean_normal': 1.1459201509106118, 'median_normal': 1.9385679077691584}",0.268,8543894.0,3827000.0,58006000.0,3900000.0,365614000.0,0.1292
AZUL4,3.29,,320.06,,96.28,0.0223,"{'mean_deflacionada': 0.40039420334146686, 'median_deflacionada': 0.511189028177746, 'mean_normal': 0.4995994102650641, 'median_normal': 0.598686872909238}",0.134,335750796.0,26337780000.0,1897336000.0,3296633000.0,15522977000.0,0.0226
ESPA3,0.71,,10.23,,13.41,0.2385,"{'mean_deflacionada': 0.16812481091156886, 'median_deflacionada': 0.19969543962223413, 'mean_normal': 0.2493192330922905, 'median_normal': 0.2691578055763617}",0.149,361423066.0,869018000.0,157962000.0,1244920000.0,555239000.0,0.1592
ALPK3,3.02,,7.83,,1.59,0.1065,"{'mean_deflacionada': 0.17983680341988384, 'median_deflacionada': 0.16486342296300593, 'mean_normal': 0.24003964119770252, 'median_normal': 0.2186801131038969}",0.341,217024025.0,1462748000.0,217996000.0,2001356000.0,681631000.0,0.0297
BSLI4,13.0,,25.91,,0.99,0.1879,"{'mean_deflacionada': 0.029255001024020972, 'median_deflacionada': -0.03474989078849677, 'mean_normal': 0.0979326207779045, 'median_normal': 0.06235427019818052}",0.301,402034834.0,2139750000.0,0.0,9143811000.0,-2139750000.0,0.2417
ONCO3,6.07,,6.31,,0.04,0.1035,"{'mean_deflacionada': 0.26525035255664503, 'median_deflacionada': 0.28328504679931465, 'mean_normal': 0.3300402883640469, 'median_normal': 0.34257281596144273}",0.209,651756313.0,5478399000.0,1888374000.0,4050717000.0,2341508000.0,0.2031
CEDO3,25.0,,14.11,,-0.44,0.0355,"{'mean_deflacionada': 0.16203767097333932, 'median_deflacionada': 0.21606165871358995, 'mean_normal': 0.24588171852640708, 'median_normal': 0.28647162875310705}",0.147,10000000.0,353346000.0,66260000.0,104535000.0,328840000.0,0.0718
CEDO4,21.84,,8.25,,-0.62,0.0355,"{'mean_deflacionada': 0.16203767097333932, 'median_deflacionada': 0.21606165871358995, 'mean_normal': 0.24588171852640708, 'median_normal': 0.28647162875310705}",0.158,10000000.0,353346000.0,66260000.0,104535000.0,328840000.0,0.0718
ENEV3,11.83,,3.67,,-0.69,0.2224,"{'mean_deflacionada': 0.26027066073250404, 'median_deflacionada': 0.1304995011435066, 'mean_normal': 0.3236576620523048, 'median_normal': 0.19595542225971574}",0.108,1932591767.0,22163006000.0,3866312000.0,15456407000.0,10393007000.0,0.1193
CLSA3,10.47,,0.98,,-0.91,-0.0509,"{'mean_deflacionada': 0.06707720512266586, 'median_deflacionada': 0.05296843867016077, 'mean_normal': 0.14229403649715985, 'median_normal': 0.11393531126916345}",0.233,187926060.0,40880000.0,394166000.0,292996000.0,119366000.0,0.394
BIOM3,9.84,,-6.93,,-1.7,-0.7519,"{'mean_deflacionada': 0.29246243486304524, 'median_deflacionada': 0.29246243486304524, 'mean_normal': 0.4027052009779428, 'median_normal': 0.4027052009779428}",0.256,126841481.0,172284000.0,104560000.0,65560000.0,73700000.0,0.008
PRIO3,39.8,,-53.21,,-2.34,0.5434,"{'mean_deflacionada': 0.4357482709673868, 'median_deflacionada': 0.3683328237114125, 'mean_normal': 0.5082218209268486, 'median_normal': 0.4475592942043034}",0.219,892059934.0,20950434000.0,3993359000.0,21101888000.0,8871539000.0,0.0942
AMAR3,1.62,,-3.72,,-3.3,-0.136,"{'mean_deflacionada': -0.1224905022562202, 'median_deflacionada': -0.09069120170191969, 'mean_normal': -0.059008919791854374, 'median_normal': -0.038042222280460614}",0.286,513456043.0,807361000.0,92328000.0,560292000.0,1678282000.0,0.1168
AVLL3,2.07,,-12.55,,-7.06,-0.9261,"{'mean_deflacionada': 0.3197111216399871, 'median_deflacionada': 0.1490981238828346, 'mean_normal': 0.40580758823856494, 'median_normal': 0.2646973951454479}",0.374,195330061.0,1197119000.0,150656000.0,682886000.0,853785000.0,0.3
AMER3,5.7,,-242.21,,-43.49,-0.221,"{'mean_deflacionada': 0.2193413162528134, 'median_deflacionada': 0.08377067430873564, 'mean_normal': 0.31655143719944273, 'median_normal': 0.14652099635121174}",0.215,200241909.0,28489000000.0,4003000000.0,11395000000.0,27476000000.0,0.6544
GOLL4,1.38,,-59.28,,-43.96,-0.2939,"{'mean_deflacionada': 0.3911368998245035, 'median_deflacionada': 0.1806889423680984, 'mean_normal': 0.4821659524538718, 'median_normal': 0.2352367715055046}",0.046,3202276835.0,20024964000.0,639829000.0,2553709000.0,19868344000.0,0.04
AZEV3,0.93,,-47.09,,-51.63,-0.188,"{'mean_deflacionada': 1.8544798993495084, 'median_deflacionada': 1.7348590789166258, 'mean_normal': 2.054389064389649, 'median_normal': 2.009985902255639}",0.566,187167464.0,39103000.0,2090000.0,360930000.0,367763000.0,0.5714
BRAV3,23.1,,-4803.5,,-208.94,0.2217,"{'mean_deflacionada': 1.279013090360879, 'median_deflacionada': 1.2370901845753908, 'mean_normal': 1.3940649830847471, 'median_normal': 1.3666177062623057}",0.117,464179128.0,23481486000.0,5650687000.0,18014481000.0,10458590000.0,0.1286
